{"cameraMode":{"drawMode":0,"name":"Shaded","section":"Shading Mode"},"sceneLighting":true,"audioPlay":false,"sceneViewState":{"showFog":true,"showMaterialUpdate":false,"showSkybox":true,"showFlares":true,"showImageEffects":true,"showParticleSystems":true},"in2DMode":false,"pivot":{"x":24.291492462158204,"y":-20.130237579345704,"z":53.34783172607422},"rotation":{"x":0.28579002618789675,"y":0.17412494122982026,"z":-0.05289087072014809,"w":0.9408580660820007},"size":47.342716217041019,"orthographic":false}