{"cameraMode":{"drawMode":0,"name":"Shaded","section":"Shading Mode"},"sceneLighting":true,"audioPlay":false,"sceneViewState":{"showFog":true,"showMaterialUpdate":false,"showSkybox":true,"showFlares":true,"showImageEffects":true,"showParticleSystems":true},"in2DMode":false,"pivot":{"x":34.137420654296878,"y":-46.53287887573242,"z":46.658382415771487},"rotation":{"x":0.6381257176399231,"y":-0.021933969110250474,"z":0.0181915033608675,"w":0.7694046497344971},"size":295.6917419433594,"orthographic":false}